epoch;IoU;binary_accuracy;kaggle_IoU;loss;lr;val_IoU;val_binary_accuracy;val_kaggle_IoU;val_loss
0;0.4310368803143501;0.9947976815700531;0.4230783561617136;0.6421076512336731;0.001;0.3789001802603404;0.9965114742517471;0.3271285891532898;0.7566092515985171
